[
  {
    "filename": "fine_2.pt",
    "url": "https://huggingface.co/suno/bark/resolve/main/fine_2.pt",
    "type": "Hugging Face",
    "destination": "C:\\Users\\suppo/Downloads/NGK_Downloads",
    "status": "Completed",
    "size": "Unknown",
    "timestamp": 1762365345,
    "date": "2025-11-05 20:55:45"
  },
  {
    "filename": "coarse_2.pt",
    "url": "https://huggingface.co/suno/bark/resolve/main/coarse_2.pt",
    "type": "Hugging Face",
    "destination": "C:\\Users\\suppo/Downloads/NGK_Downloads",
    "status": "Completed",
    "size": "Unknown",
    "timestamp": 1762373123,
    "date": "2025-11-05 23:05:23"
  },
  {
    "filename": "Unknown",
    "url": "https://youtu.be/7jMlFXouPk8?si=JLbuvh483SZvDCqn",
    "type": "YouTube",
    "destination": "C:\\Users\\suppo/Downloads/NGK_Downloads",
    "status": "Completed",
    "size": "Unknown",
    "timestamp": 1762393503,
    "date": "2025-11-06 04:45:03"
  },
  {
    "filename": "Pink Floyd - High Hopes (Official Music Video HD)",
    "url": "https://youtu.be/7jMlFXouPk8?si=lxMoTPhGyUUwy2M2",
    "type": "YouTube",
    "destination": "C:\\Users\\suppo/Downloads/NGK_Downloads",
    "status": "Completed",
    "size": "Unknown",
    "timestamp": 1762424145,
    "date": "2025-11-06 13:15:45"
  },
  {
    "filename": "Stick Figure – \"Angels Above Me\" (Official Music Video)",
    "url": "https://youtu.be/YYMMg7bUUAE?si=uFDxvc3JwswJp1xt",
    "type": "YouTube",
    "destination": "C:\\Users\\suppo/Downloads/NGK_Downloads",
    "status": "Completed",
    "size": "Unknown",
    "timestamp": 1765645425,
    "date": "2025-12-13 20:03:45"
  },
  {
    "filename": "Stick Figure – \"Angels Above Me\" (Official Music Video)",
    "url": "https://youtu.be/YYMMg7bUUAE?si=uFDxvc3JwswJp1xt",
    "type": "YouTube",
    "destination": "C:\\Users\\suppo/Downloads/NGK_Downloads",
    "status": "Completed",
    "size": "Unknown",
    "timestamp": 1765645538,
    "date": "2025-12-13 20:05:38"
  },
  {
    "filename": "download_b2081270",
    "url": "https://youtube.com/shorts/4Yz8Me_Bzs4?si=RhXEkJEu4CJwQsHC",
    "type": "Unknown",
    "destination": "C:\\Users\\suppo/Downloads/NGK_Downloads",
    "status": "Completed",
    "size": "Unknown",
    "timestamp": 1765987645,
    "date": "2025-12-17 19:07:25"
  },
  {
    "filename": "download_b2081270",
    "url": "https://youtube.com/shorts/4Yz8Me_Bzs4?si=RhXEkJEu4CJwQsHC",
    "type": "Unknown",
    "destination": "C:\\Users\\suppo/Downloads/NGK_Downloads",
    "status": "Completed",
    "size": "Unknown",
    "timestamp": 1765987666,
    "date": "2025-12-17 19:07:46"
  },
  {
    "filename": "download_5904ee25",
    "url": "https://youtube.com/shorts/4Yz8Me_Bzs4?si=D61EsTz4uKJLpwN8",
    "type": "Unknown",
    "destination": "C:\\Users\\suppo/Downloads/NGK_Downloads",
    "status": "Completed",
    "size": "Unknown",
    "timestamp": 1765987801,
    "date": "2025-12-17 19:10:01"
  },
  {
    "filename": "download_c7de880c",
    "url": "https://youtube.com/shorts/YpiT4YybosE?si=hUiccwVm6FDj_Ztv",
    "type": "Unknown",
    "destination": "C:\\Users\\suppo/Downloads/NGK_Downloads",
    "status": "Completed",
    "size": "Unknown",
    "timestamp": 1765991794,
    "date": "2025-12-17 20:16:34"
  },
  {
    "filename": "I Love You - Céline Dion Cover By Vanny Vabiola",
    "url": "https://youtu.be/z1fq-KhPg4E?si=SSLtG5LV1bl32iyu",
    "type": "YouTube",
    "destination": "C:\\Users\\suppo/Downloads/NGK_Downloads",
    "status": "Completed",
    "size": "Unknown",
    "timestamp": 1766534464,
    "date": "2025-12-23 18:01:04"
  },
  {
    "filename": "I Love You - Céline Dion Cover By Vanny Vabiola",
    "url": "https://youtu.be/z1fq-KhPg4E?si=SSLtG5LV1bl32iyu",
    "type": "YouTube",
    "destination": "C:\\Users\\suppo/Downloads/NGK_Downloads",
    "status": "Completed",
    "size": "Unknown",
    "timestamp": 1766534770,
    "date": "2025-12-23 18:06:10"
  },
  {
    "filename": "Eric Clapton - Wonderful Tonight [Official Live]",
    "url": "https://youtu.be/UprwkbzUX6g?si=xE8GI1ldfnnjVnGY",
    "type": "YouTube",
    "destination": "C:\\Users\\suppo/Downloads/NGK_Downloads",
    "status": "Completed",
    "size": "Unknown",
    "timestamp": 1766534862,
    "date": "2025-12-23 18:07:42"
  },
  {
    "filename": "Love Will Keep Us Alive (1999 Remaster)",
    "url": "https://youtu.be/KfUkiUi1DyI?si=UCTG_3DRRB0PZPVd",
    "type": "YouTube",
    "destination": "C:\\Users\\suppo/Downloads/NGK_Downloads",
    "status": "Completed",
    "size": "Unknown",
    "timestamp": 1766535163,
    "date": "2025-12-23 18:12:43"
  },
  {
    "filename": "Daughtry - Home (Official Video)",
    "url": "https://youtu.be/7bnX-6sJZBw?si=E0ztLQEZUdvbITUM",
    "type": "YouTube",
    "destination": "C:\\Users\\suppo/Downloads/NGK_Downloads",
    "status": "Completed",
    "size": "Unknown",
    "timestamp": 1766535463,
    "date": "2025-12-23 18:17:43"
  },
  {
    "filename": "“Last Light’s Fadin’”",
    "url": "https://youtu.be/K1lSCIBJajQ?si=AKrnO3FyLDJkRdpS",
    "type": "YouTube",
    "destination": "C:\\Users\\suppo/Downloads/NGK_Downloads",
    "status": "Completed",
    "size": "Unknown",
    "timestamp": 1768240673,
    "date": "2026-01-12 20:57:53"
  }
]